source	stage	diagnostic
Emulators/unimage0.1.shk	archive	ShrinkIt extraction failed
Emulators/deimage0.1.shk	archive	ShrinkIt extraction failed
apple8/Music/ALF/ALF-songs.6.shk!SONGS/JACK.TAR	archive	archive extraction failed
apple8/Pgms/iigif.shk	archive	ShrinkIt extraction failed
apple8/Pgms/Old.files/IIsound/iisoundbeta.shk	archive	ShrinkIt extraction failed
apple8/Pgms/dsk2file.shk	archive	ShrinkIt extraction failed
apple8/Utils/RENUMBER.SHK	archive	ShrinkIt extraction failed
apple8/Utils/Old.files/unforkit0.1.shk	archive	ShrinkIt extraction failed
apple8/Utils/mtclock.shk	archive	ShrinkIt extraction failed
apple8/Printshop/PSGC2.SHK	archive	ShrinkIt extraction failed
apple8/Printshop/PSCONVERT.SHK	archive	ShrinkIt extraction failed
apple8/Games/Hera.dec94/HERA2.SHK	archive	ShrinkIt extraction failed
apple8/Games/Hera/HERA2.SHK	archive	ShrinkIt extraction failed
Mirrors/uni-kl/gs/hypercard/utilities/GSify.2.0.shk	archive	ShrinkIt extraction failed
Mirrors/uni-kl/gs/demos/funware/BoingerINIT.shk!Boinger/Boinger.zip	archive	archive extraction failed
Mirrors/wustl/GS/Gno/purge.shk	archive	ShrinkIt extraction failed
Mirrors/wustl/Util/resurection.shk	archive	ShrinkIt extraction failed
Mirrors/ms.uky/shells.and.lang/HyperC.all.tar!HYPERC.SHK	archive	ShrinkIt extraction failed
Mirrors/ms.uky/games/GATE.DEMO.SHK	archive	ShrinkIt extraction failed
Mirrors/ms.uky/demos/ACS.gs.shk	archive	ShrinkIt extraction failed
Mirrors/nodak/gs/graphics/Gifview.shk	archive	ShrinkIt extraction failed
Mirrors/nodak/gs/startup/Taifun.shk	archive	ShrinkIt extraction failed
Mirrors/nodak/8bit/packers/shrinkit322.shk	archive	ShrinkIt extraction failed
Mirrors/caltech/music/synthlab/vivaldiseq.shk	archive	ShrinkIt extraction failed
Mirrors/caltech/music/synthlab/slsongs1.shk	archive	ShrinkIt extraction failed
Mirrors/caltech/music/synthlab/touchofspain.shk	archive	ShrinkIt extraction failed
Mirrors/caltech/music/synthlab/slsongs2.shk	archive	ShrinkIt extraction failed
Mirrors/caltech/music/synthlab/slsongs3.shk	archive	ShrinkIt extraction failed
Mirrors/caltech/music/synthlab/stds9seq.shk	archive	ShrinkIt extraction failed
Mirrors/caltech/music/synthlab/tvseq.shk	archive	ShrinkIt extraction failed
Mirrors/caltech/music/synthlab/threehandel.shk	archive	ShrinkIt extraction failed
Mirrors/caltech/music/synthlab/slabpak2.shk	archive	ShrinkIt extraction failed
Mirrors/caltech/music/synthlab/startrekseq.shk	archive	ShrinkIt extraction failed
Mirrors/caltech/music/synthlab/wavelab1.0.shk	archive	ShrinkIt extraction failed
Mirrors/caltech/music/synthlab/synthfile15.shk	archive	ShrinkIt extraction failed
Mirrors/caltech/music/synthlab/xmasseqs.shk	archive	ShrinkIt extraction failed
Mirrors/caltech/music/synthlab/startrek2.seq.shk	archive	ShrinkIt extraction failed
Mirrors/caltech/music/synthlab/willtellseq.shk	archive	ShrinkIt extraction failed
Mirrors/caltech/music/synthlab/taylorseq.shk	archive	ShrinkIt extraction failed
Mirrors/caltech/music/soundsmith/sndsmith095.shk	archive	ShrinkIt extraction failed
Mirrors/caltech/music/soundsmith/ss.screen.shk	archive	ShrinkIt extraction failed
Mirrors/caltech/music/soundsmith/modumain.shk	archive	ShrinkIt extraction failed
Mirrors/caltech/music/soundsmith/gsircp2d1.shk	archive	ShrinkIt extraction failed
Mirrors/caltech/music/soundsmith/coconut.shk	archive	ShrinkIt extraction failed
Mirrors/caltech/music/soundsmith/gsircp2d2.shk	archive	ShrinkIt extraction failed
Mirrors/caltech/music/soundsmith/gsgold.shk	archive	ShrinkIt extraction failed
Mirrors/caltech/music/soundsmith/gsircdisk1.shk	archive	ShrinkIt extraction failed
Mirrors/caltech/music/soundsmith/jupsysprom.shk	archive	ShrinkIt extraction failed
Mirrors/caltech/music/soundsmith/weakysongfix.shk	archive	ShrinkIt extraction failed
Mirrors/caltech/music/soundsmith/dyasampler.shk	archive	ShrinkIt extraction failed
Mirrors/caltech/music/soundsmith/rush3.shk	archive	ShrinkIt extraction failed
Mirrors/caltech/music/soundsmith/deltasong.shk	archive	ShrinkIt extraction failed
Mirrors/caltech/music/soundsmith/rush2.shk	archive	ShrinkIt extraction failed
Mirrors/caltech/music/soundsmith/morexmas.shk	archive	ShrinkIt extraction failed
Mirrors/caltech/music/soundsmith/t2.shk	archive	ShrinkIt extraction failed
Mirrors/caltech/music/soundsmith/rush1.shk	archive	ShrinkIt extraction failed
Mirrors/caltech/music/soundsmith/sonata3.ss.shk	archive	ShrinkIt extraction failed
Mirrors/caltech/music/soundsmith/newcanon.shk	archive	ShrinkIt extraction failed
Mirrors/caltech/music/soundsmith/drmario.shk	archive	ShrinkIt extraction failed
Mirrors/caltech/music/soundsmith/spaceharrier.shk	archive	ShrinkIt extraction failed
Mirrors/caltech/music/soundsmith/weakysong.shk	archive	ShrinkIt extraction failed
Mirrors/caltech/music/soundsmith/dya.shk	archive	ShrinkIt extraction failed
Mirrors/caltech/music/soundsmith/machinery.shk	archive	ShrinkIt extraction failed
Mirrors/caltech/music/soundsmith/takeit.shk	archive	ShrinkIt extraction failed
Mirrors/caltech/music/soundsmith/ftaxmasmus.shk	archive	ShrinkIt extraction failed
Mirrors/caltech/music/soundsmith/file11.shk	archive	ShrinkIt extraction failed
Mirrors/caltech/music/soundsmith/sndsmith101.shk	archive	ShrinkIt extraction failed
Mirrors/caltech/music/soundsmith/file16.shk	archive	ShrinkIt extraction failed
Mirrors/caltech/music/soundsmith/file17.shk	archive	ShrinkIt extraction failed
Mirrors/caltech/music/soundsmith/shuffle10.shk	archive	ShrinkIt extraction failed
Mirrors/caltech/music/soundsmith/maplerag.shk	archive	ShrinkIt extraction failed
Mirrors/caltech/music/noisetracker/noisetracker12.shk	archive	ShrinkIt extraction failed
Mirrors/caltech/music/noisetracker/noisetracker13.shk	archive	ShrinkIt extraction failed
Mirrors/caltech/music/noisetracker/noisetracker07.shk	archive	ShrinkIt extraction failed
Mirrors/caltech/music/noisetracker/noisetracker10.shk	archive	ShrinkIt extraction failed
Mirrors/caltech/music/noisetracker/wrz.factory.shk	archive	ShrinkIt extraction failed
Mirrors/caltech/music/noisetracker/wrz.bhouse.shk	archive	ShrinkIt extraction failed
Mirrors/caltech/music/noisetracker/noisetracker20.shk	archive	ShrinkIt extraction failed
Mirrors/caltech/music/modplayers/noisetracker12.shk	archive	ShrinkIt extraction failed
Mirrors/caltech/music/modplayers/noisetracker07.shk	archive	ShrinkIt extraction failed
Mirrors/caltech/music/modplayers/noisetracker10.shk	archive	ShrinkIt extraction failed
Mirrors/caltech/appletalk/atalk.shk!MAKE.ZIP	archive	archive extraction failed
Mirrors/caltech/miscinfo/internet.shk	archive	ShrinkIt extraction failed
Mirrors/caltech/8bit/patches/clockdatepatch.shk	archive	ShrinkIt extraction failed
Mirrors/caltech/8bit/comm/primebbs/primemanual.shk	archive	ShrinkIt extraction failed
Mirrors/caltech/8bit/utils/find.shk	archive	ShrinkIt extraction failed
Mirrors/caltech/8bit/dev/lisa/lisamst2.shk	archive	ShrinkIt extraction failed
Mirrors/caltech/8bit/dev/lisa/lisamst1.shk	archive	ShrinkIt extraction failed
Mirrors/caltech/8bit/games/whiplash.shk	archive	ShrinkIt extraction failed
Mirrors/caltech/source/splashedit.shk	archive	ShrinkIt extraction failed
Mirrors/caltech/addons/fontstuff/ace.shk	archive	ShrinkIt extraction failed
Mirrors/caltech/addons/init/sfileicons.shk	archive	ShrinkIt extraction failed
Mirrors/caltech/addons/init/sys.icons.shk	archive	ShrinkIt extraction failed
Mirrors/caltech/addons/init/initmaster211.shk	archive	ShrinkIt extraction failed
Mirrors/caltech/addons/patches/killwhoosh11.shk	archive	ShrinkIt extraction failed
Mirrors/caltech/addons/patches/fixboot2.0.shk	archive	ShrinkIt extraction failed
Mirrors/caltech/addons/cda/swatdisk10f1.shk	archive	ShrinkIt extraction failed
Mirrors/caltech/addons/truetype/rothman.shk	archive	ShrinkIt extraction failed
Mirrors/caltech/addons/nda/superinfo2.shk	archive	ShrinkIt extraction failed
Mirrors/caltech/addons/nda/swatdisk10f1.shk	archive	ShrinkIt extraction failed
Mirrors/caltech/comm/anet20.shk	archive	ShrinkIt extraction failed
Mirrors/caltech/utils/innerdrive.shk	archive	ShrinkIt extraction failed
Mirrors/caltech/NEW.FILES/mmovie.startrek.shk	archive	ShrinkIt extraction failed
Mirrors/caltech/NEW.FILES/mmovie.drwho.shk	archive	ShrinkIt extraction failed
Mirrors/caltech/NEW.FILES/mmovie,topgun.shk	archive	ShrinkIt extraction failed
Mirrors/caltech/NEW.FILES/mmovie.thejoker.shk	archive	ShrinkIt extraction failed
Mirrors/caltech/NEW.FILES/gupp1.04.shk	archive	ShrinkIt extraction failed
Mirrors/caltech/shellprogs/emodula2.shk	archive	ShrinkIt extraction failed
Mirrors/caltech/shellprogs/jpeg.v6.shk	archive	ShrinkIt extraction failed
Mirrors/caltech/graphics/otherprogs/bd2.shk	archive	ShrinkIt extraction failed
Mirrors/caltech/graphics/otherprogs/bd1.shk	archive	ShrinkIt extraction failed
Mirrors/caltech/graphics/converters/gif3200v02.shk	archive	ShrinkIt extraction failed
Mirrors/caltech/graphics/viewers/anishow.shk	archive	ShrinkIt extraction failed
Mirrors/caltech/graphics/viewers/coolview.shk	archive	ShrinkIt extraction failed
Mirrors/caltech/sound/animekit.shk	archive	ShrinkIt extraction failed
Mirrors/caltech/sound/ensoniqpeek.shk	archive	ShrinkIt extraction failed
Mirrors/caltech/games/puyopuyo.shk	archive	ShrinkIt extraction failed
Mirrors/caltech/games/startrek.fc.2.1.shk	archive	ShrinkIt extraction failed
Mirrors/caltech/games/ecomaniacs.shk	archive	ShrinkIt extraction failed
Mirrors/caltech/games/newtiniespatch.shk	archive	ShrinkIt extraction failed
Mirrors/caltech/apps/bannerjaz.v11.shk	archive	ShrinkIt extraction failed
Mirrors/caltech/demos/ipgkf93demo.shk	archive	ShrinkIt extraction failed
Mirrors/caltech/demos/drmgraphixdemo.shk	archive	ShrinkIt extraction failed
Mirrors/caltech/demos/acsdemo.shk	archive	ShrinkIt extraction failed
Mirrors/caltech/demos/gatedemo.shk	archive	ShrinkIt extraction failed
Mirrors/trenco/gno/languages/emodula2.shk	archive	ShrinkIt extraction failed
Mirrors/trenco/gno/graphics/jpeg.v3.shk!run.time.zip	archive	archive extraction failed
Mirrors/trenco/programming/examples/apps/aware.shk	archive	ShrinkIt extraction failed
Mirrors/trenco/programming/examples/apps/custctrl.shk	archive	ShrinkIt extraction failed
Mirrors/trenco/multimedia/hypercard/utilities/gsify.20.shk	archive	ShrinkIt extraction failed
apple16/Misc/Applics/ecomaniacs.shk	archive	ShrinkIt extraction failed
apple16/Misc/FMP.SHK	archive	ShrinkIt extraction failed
apple16/Music/Songs/Midi.synth/HandelSeq/HANDELSEQ.SHK	archive	ShrinkIt extraction failed
apple16/Music/Songs/Midi.synth/Moonlight.sonata/MOONLGHTSEQ.SHK	archive	ShrinkIt extraction failed
apple16/Music/Songs/Midi.synth/Indiana.jones/Indy.seq.SHK	archive	ShrinkIt extraction failed
apple16/Music/Songs/Midi.synth/Hymns1Seq/HYMNS1SEQ.SHK	archive	ShrinkIt extraction failed
apple16/Music/Songs/Midi.synth/Haydn.sonata7/HAYDNSEQ.SHK	archive	ShrinkIt extraction failed
apple16/Music/Songs/Midi.synth/Hotel.california/HOTELCSEQ.SHK	archive	ShrinkIt extraction failed
apple16/Music/Songs/Midi.synth/Hymns3Seq/HYMNS3SEQ.SHK	archive	ShrinkIt extraction failed
apple16/Music/Songs/Midi.synth/Hymns2Seq/HYMNS2SEQ.SHK	archive	ShrinkIt extraction failed
apple16/Music/Songs/Midi.synth/Jeux.interdits/JEUINTRDSEQ.SHK	archive	ShrinkIt extraction failed
apple16/Music/Songs/Mods/Att.mod/AT.T.SHK	archive	ShrinkIt extraction failed
apple16/Music/Songs/Mods/Fishhead/MOD.FISHEAD.SHK	archive	ShrinkIt extraction failed
apple16/Music/Songs/Mods/Nightmares/NIGHT.shk	archive	ShrinkIt extraction failed
apple16/Shell/Applics/Beatbox/beatbox.shk	archive	ShrinkIt extraction failed
apple16/Comm/Utils/pmpunzip.shk	archive	ShrinkIt extraction failed
apple16/Comm/Old.files/Macbin/macbin102.shk	archive	ShrinkIt extraction failed
apple16/Utils/INNERDRIVE.SHK	archive	ShrinkIt extraction failed
apple16/Languages/gscheme.shk	archive	ShrinkIt extraction failed
apple16/Sounds/Applics/soundit10.shk	archive	ShrinkIt extraction failed
apple16/Sounds/Applics/rSounder3.SHK	archive	ShrinkIt extraction failed
apple16/System/Ndas/superinfo2.shk	archive	ShrinkIt extraction failed
apple16/System/Drivers/INNERDRIVE.SHK	archive	ShrinkIt extraction failed
apple16/System/Ace.SHK	archive	ShrinkIt extraction failed
apple16/System/Old.files/P8KeyChange.SHK	archive	ShrinkIt extraction failed
apple16/System/Cdas/fta.zip	archive	archive extraction failed
apple16/System/Cdevs/kdw1.0.shk	archive	ShrinkIt extraction failed
apple16/Graphics/Applics/jpeGSv11.shk	archive	ShrinkIt extraction failed
apple16/Graphics/Applics/gif3200.shk	archive	ShrinkIt extraction failed
apple16/Graphics/Applics/doodler1.01.shk	archive	ShrinkIt extraction failed
apple16/Graphics/Applics/Old.files/Doodler/doodler.shk	archive	ShrinkIt extraction failed
apple16/Graphics/Applics/iffconv.shk	archive	ShrinkIt extraction failed
apple16/Graphics/Applics/iq.shk	archive	ShrinkIt extraction failed
apple16/Graphics/Pics.3200/Pics.w/Pics.W.SHK	archive	ShrinkIt extraction failed
apple16/Graphics/Pics/tt-samples-2.shk	archive	ShrinkIt extraction failed
apple16/Graphics/Pics/tt-samples-1.shk	archive	ShrinkIt extraction failed
apple16/Games/Misc.cco/GATE.DEMO.SHK	archive	ShrinkIt extraction failed
apple16/Games/Misc.cco/ACS.DEMO.SHK	archive	ShrinkIt extraction failed
apple16/Games/Misc.cco/Hirilonde195.SHK	archive	ShrinkIt extraction failed
apple16/Games/mahjongggs.shk	archive	ShrinkIt extraction failed
apple16/Games/hirilonde.shk	archive	ShrinkIt extraction failed
apple16/Games/ecomaniacsOK.shk	archive	ShrinkIt extraction failed
apple16/Games/Hirilonde195.SHK	archive	ShrinkIt extraction failed
apple16/Games/Demos/Sword.of.Sodan.3level.demo.shk	archive	ShrinkIt extraction failed
apple16/demos/binaries/ipgkf93demo.shk	archive	ShrinkIt extraction failed
apple16/Hypermedia/Hyperstudio/Old.files/F1.91/F1.91.Demo.Repost/F1.91.Demo1.SHK	archive	ShrinkIt extraction failed
apple16/Hypermedia/Hyperstudio/hs.tutor.shk	archive	ShrinkIt extraction failed
apple16/Hypermedia/Hypercard/StarTrek2.1c/STTNG21c.SHK	archive	ShrinkIt extraction failed
apple16/Hypermedia/Hypercard/Xcmdmaker.v12/xcmdmak1.2.shk	archive	ShrinkIt extraction failed
Fonts/Truetype/Rothman.shk	archive	ShrinkIt extraction failed
Collections/Core.v1n1/Core_v1_n1.zip	archive	archive extraction failed
Collections/AOL/Hardware.Libraries/PRODUCTS.SHK	archive	ShrinkIt extraction failed
Collections/AOL/Hardware.Libraries/HP.EXP.01.shk	archive	ShrinkIt extraction failed
Collections/AOL/development/applications/WINDOW.ASM.SHK	archive	ShrinkIt extraction failed
Collections/AOL/development/applications/PASSWD101.SHK	archive	ShrinkIt extraction failed
Collections/AOL/development/applications/LIBRARY.2.SHK	archive	ShrinkIt extraction failed
Collections/AOL/development/applications/WIN.MENU.MB.SHK	archive	ShrinkIt extraction failed
Collections/AOL/development/applications/IMPORTREZ.SHK	archive	ShrinkIt extraction failed
Collections/AOL/development/applications/COFF.BIN.SHK	archive	ShrinkIt extraction failed
Collections/AOL/development/applications/RESLIN.SHK	archive	ShrinkIt extraction failed
Collections/AOL/development/applications/ARCADEKINGD.SHK	archive	ShrinkIt extraction failed
Collections/AOL/development/applications/ARCADEKINGS.SHK	archive	ShrinkIt extraction failed
Collections/AOL/development/applications/MENU.ASM.SHK	archive	ShrinkIt extraction failed
Collections/AOL/development/applications/MICOL.BASIC.SHK	archive	ShrinkIt extraction failed
Collections/AOL/development/applications/NEWS12.SHK	archive	ShrinkIt extraction failed
Collections/AOL/development/applications/DIRTOOLS.SHK	archive	ShrinkIt extraction failed
Collections/AOL/development/applications/ALS.SHK	archive	ShrinkIt extraction failed
Collections/AOL/development/applications/SHUTDOWN.SHK	archive	ShrinkIt extraction failed
Collections/AOL/development/applications/ARCADE.DHRG.SHK	archive	ShrinkIt extraction failed
Collections/AOL/development/applications/TASKMASKCDA.SHK	archive	ShrinkIt extraction failed
Collections/AOL/AppleII.Hall.of.Fame/GAMES/elavators.shk	archive	ShrinkIt extraction failed
Collections/AOL/Arts.Graphics/SEC.CHANCE.SHK	archive	ShrinkIt extraction failed
Collections/AOL/Arts.Graphics/SHR.PIC.SAVER.CDA.SHK	archive	ShrinkIt extraction failed
Collections/AOL/Arts.Graphics/SPECTRUM.GS.NDA.SHK	archive	ShrinkIt extraction failed
Collections/AOL/Arts.Graphics/II.GIF.SHK	archive	ShrinkIt extraction failed
Collections/AOL/Arts.Graphics/SHRVIEWBAS.SHK	archive	ShrinkIt extraction failed
Collections/AOL/Arts.Graphics/PURGE.SYS16.SHK	archive	ShrinkIt extraction failed
Collections/AOL/Arts.Graphics/SHR.load.save.show.SHK	archive	ShrinkIt extraction failed
Collections/AOL/Arts.Graphics/PWGOLD.FIX.NDA.SHK	archive	ShrinkIt extraction failed
Collections/AOL/Arts.Graphics/EXCELLENT.CLIP.ART/IIGS.320.mode/XMAS.CLIPS1.SHK	archive	ShrinkIt extraction failed
Collections/AOL/Arts.Graphics/EXCELLENT.CLIP.ART/GENERAL.APPLE.II.CLIP.ART/TT.Clips.DHR.SHK	archive	ShrinkIt extraction failed
Collections/AOL/Arts.Graphics/EXCELLENT.CLIP.ART/IIGS.640.mode/TRIAD.TITLE.SHK	archive	ShrinkIt extraction failed
Collections/AOL/Arts.Graphics/EXCELLENT.CLIP.ART/IIGS.640.mode/FLAG.CLIPART.SHK	archive	ShrinkIt extraction failed
Collections/AOL/Arts.Graphics/EXCELLENT.CLIP.ART/IIGS.640.mode/DADDAY.CLIPART.SHK	archive	ShrinkIt extraction failed
Collections/AOL/Arts.Graphics/VISIONEFFECTS.2.SHK	archive	ShrinkIt extraction failed
Collections/AOL/Educational/Math/MAGICSQUARES.SHK	archive	ShrinkIt extraction failed
Collections/AOL/Educational/Math/SMART.REGISTER.SHK	archive	ShrinkIt extraction failed
Collections/AOL/Educational/Math/TRIFAC1.0.SHK	archive	ShrinkIt extraction failed
Collections/AOL/Educational/Math/HICKORY.SHK	archive	ShrinkIt extraction failed
Collections/AOL/Educational/StudioWare/BEATLESDEMO.SHK	archive	ShrinkIt extraction failed
Collections/AOL/Educational/Skillbuilding/MAP.READING.SHK	archive	ShrinkIt extraction failed
Collections/AOL/Games/Arcadia/solarian.shk	archive	ShrinkIt extraction failed
Collections/AOL/Games/Arcadia/gstanks.shk	archive	ShrinkIt extraction failed
Collections/AOL/Games/Arcadia/c2jewel8.shk	archive	ShrinkIt extraction failed
Collections/AOL/Games/Arcadia/trailblz.shk	archive	ShrinkIt extraction failed
Collections/AOL/Games/Arcadia/ferno2.shk	archive	ShrinkIt extraction failed
Collections/AOL/Games/Arcadia/spyhunt.shk	archive	ShrinkIt extraction failed
Collections/AOL/Games/Arcadia/sensei.shk	archive	ShrinkIt extraction failed
Collections/AOL/Games/Arcadia/mmm.shk	archive	ShrinkIt extraction failed
Collections/AOL/Games/Arcadia/elevator.shk	archive	ShrinkIt extraction failed
Collections/AOL/Games/Arcadia/alien.shk	archive	ShrinkIt extraction failed
Collections/AOL/Games/Arcadia/c2jewels.shk	archive	ShrinkIt extraction failed
Collections/AOL/Games/War.Strategy/warpzs.shk	archive	ShrinkIt extraction failed
Collections/AOL/Games/War.Strategy/HOMGAMES/khafji.shk	archive	ShrinkIt extraction failed
Collections/AOL/Games/War.Strategy/tictac.shk	archive	ShrinkIt extraction failed
Collections/AOL/Games/War.Strategy/qhoard.shk	archive	ShrinkIt extraction failed
Collections/AOL/Games/War.Strategy/COLJEWEL.SHK	archive	ShrinkIt extraction failed
Collections/AOL/Games/Adv./Roleplay/escape1.shk	archive	ShrinkIt extraction failed
Collections/AOL/Games/Mean18.Courses/DORAL.SHK	archive	ShrinkIt extraction failed
Collections/AOL/Games/Mean18.Courses/ISLESXU.SHK	archive	ShrinkIt extraction failed
Collections/AOL/Games/Mean18.Courses/COORS.SHK	archive	ShrinkIt extraction failed
Collections/AOL/Games/Mean18.Courses/MARLTON.SHK	archive	ShrinkIt extraction failed
Collections/AOL/Games/Mean18.Courses/NORWOOD.SHK	archive	ShrinkIt extraction failed
Collections/AOL/Games/Mean18.Courses/PALMER.SHK	archive	ShrinkIt extraction failed
Collections/AOL/Games/Mean18.Courses/FTSILL.SHK	archive	ShrinkIt extraction failed
Collections/AOL/Games/Mean18.Courses/Walden.shk	archive	ShrinkIt extraction failed
Collections/AOL/Games/Mean18.Courses/BAYTREE.SHK	archive	ShrinkIt extraction failed
Collections/AOL/Games/Mean18.Courses/BOBHOPE.SHK	archive	ShrinkIt extraction failed
Collections/AOL/Games/Mean18.Courses/PAR3.SHK	archive	ShrinkIt extraction failed
Collections/AOL/Games/Mean18.Courses/ASTOW.SHK	archive	ShrinkIt extraction failed
Collections/AOL/Games/Mean18.Courses/PAWNEE.SHK	archive	ShrinkIt extraction failed
Collections/AOL/Games/Mean18.Courses/AMAZON.SHK	archive	ShrinkIt extraction failed
Collections/AOL/Games/Mean18.Courses/URBAN.SHK	archive	ShrinkIt extraction failed
Collections/AOL/Games/Mean18.Courses/HYLANDXU.SHK	archive	ShrinkIt extraction failed
Collections/AOL/Games/Mean18.Courses/APPLE.SHK	archive	ShrinkIt extraction failed
Collections/AOL/Games/Mean18.Courses/Water.shk	archive	ShrinkIt extraction failed
Collections/AOL/Games/Mean18.Courses/FLUID.SHK	archive	ShrinkIt extraction failed
Collections/SkunkWorks/GSGraphicsSound/ESA.MOD.SHK	archive	ShrinkIt extraction failed
Collections/SkunkWorks/GSGraphicsSound/MBROT21.SHK	archive	ShrinkIt extraction failed
Collections/SkunkWorks/GSDevelopment/GIFVIEW.SRC.SHK	archive	ShrinkIt extraction failed
Collections/SkunkWorks/TechnicalNotes/TN.IIGS.SHK	archive	ShrinkIt extraction failed
Collections/SkunkWorks/BBS/ECLIPSE.SHK	archive	ShrinkIt extraction failed
Collections/SkunkWorks/GSGames/OIL.LANDER.SHK	archive	ShrinkIt extraction failed
Collections/ProgrammerAids/ARCHI.8.SHK	archive	ShrinkIt extraction failed
Collections/1WSW/PEEKS.POKES.SHK	archive	ShrinkIt extraction failed
Collections/1WSW/HDB2.DA.SHK	archive	ShrinkIt extraction failed
Collections/1WSW/POV.GS/pov.exe.SHK	archive	ShrinkIt extraction failed
Collections/1WSW/NTP.SRCLIB.SHK	archive	ShrinkIt extraction failed
Collections/1WSW/Games4.SHK	archive	ShrinkIt extraction failed
Collections/1WSW/MARS.SHK	archive	ShrinkIt extraction failed
Collections/1WSW/TTFonts/Internat.SHK	archive	ShrinkIt extraction failed
Collections/1WSW/TTFonts/RCA.SHK	archive	ShrinkIt extraction failed
Collections/1WSW/NTGSv2S.SHK	archive	ShrinkIt extraction failed
Collections/1WSW/NTGSt2P.SHK	archive	ShrinkIt extraction failed
Collections/1WSW/Inform5.5GS.shk	archive	ShrinkIt extraction failed
Collections/1WSW/BW.src.SHK	archive	ShrinkIt extraction failed
Collections/1WSW/ProgrammerAids/ARCHI.8.SHK	archive	ShrinkIt extraction failed
Collections/1WSW/GS.WorldView/PYTHON.GS/Python.Docs.shk	archive	ShrinkIt extraction failed
Collections/1WSW/SPACERQUEST.SHK	archive	ShrinkIt extraction failed
Collections/1WSW/TAB16.NDA.SHK	archive	ShrinkIt extraction failed
Collections/1WSW/JPEGSC3.SHK!run.time.zip	archive	archive extraction failed
Collections/1WSW/RARE.GS.GAMES/Mastermind.SHK	archive	ShrinkIt extraction failed
Collections/1WSW/SPS.SHK	archive	ShrinkIt extraction failed
Collections/1WSW/SAGSv2.2.SHK	archive	ShrinkIt extraction failed
