"Source","ImageSHA256","VolumeName","InterpreterFilename","InterpreterSHA256","PascalSHA256","LibrarySHA256","BootBlocksSHA256","ResultDirectory"
"Computers/Apple II/Apple IIe/Disk Images/Apple Presents the IIe Disk 2.dsk","e368ba1dc37000c40846a25f33fdbd784767f63711c25fc682b7c1686658db20","NO.DEMO","SYSTEM.APPLE","8fb30ba2a7b54d49b55536d13db8252d192f230df14a2f0eba5a8830c9fe1c2e","e44ba3e9ef9840bec2b28407a825d29f9fb3e0cc1c84f137fa0c887489e21af6","7bff9bff452a570b24b66053881e33a45ac7407b8340616b32e0751a3dbaacfe","190f9410ae628d485d58a0b0ae1cc761c88233d916afdc9abb54443a80891003","/Users/chris/Repos/pdisasm/Tools/a2dp/images/e368ba1dc37000c40846a25f33fdbd784767f63711c25fc682b7c1686658db20"
"Computers/Apple II/Apple IIe/Disk Images/Apple Presents the IIe Disk 1.dsk","24c7f31bf7cdb3aa5deca886520b12eafbbc651d0fc2f842da274c92d324602f","KBDRUN","SYSTEM.APPLE","8fb30ba2a7b54d49b55536d13db8252d192f230df14a2f0eba5a8830c9fe1c2e","e44ba3e9ef9840bec2b28407a825d29f9fb3e0cc1c84f137fa0c887489e21af6","09814b0ce5b84cd1856df50f662c5068654f9462f62a82768b4f999e02842576","190f9410ae628d485d58a0b0ae1cc761c88233d916afdc9abb54443a80891003","/Users/chris/Repos/pdisasm/Tools/a2dp/images/24c7f31bf7cdb3aa5deca886520b12eafbbc651d0fc2f842da274c92d324602f"
"Computers/Apple II/Apple IIc/Disk Images/Apple IIc - The Apple at Work 80 columns.po","5ae7e1839f62b682576610bc711c53c341feb6fa4523ef12ed84d8b8c2128f83","WORK.80","SYSTEM.APPLE","6ab94396865ed6942ced3b61fe998b3d043d921a7566963dee64f74c48fd876e","efe7629a1794860c2db6919e3f0b3f6e9437c94438626e22dd78d9ac523a55eb","","190f9410ae628d485d58a0b0ae1cc761c88233d916afdc9abb54443a80891003","/Users/chris/Repos/pdisasm/Tools/a2dp/images/5ae7e1839f62b682576610bc711c53c341feb6fa4523ef12ed84d8b8c2128f83"
"Computers/Apple II/Apple IIc/Disk Images/Apple IIc - The Apple at Work 40 columns.po","d421af787d122eb894bfc241ce22c1fa3709fc28d124b7640a9ca976f45201cb","WORK.40","SYSTEM.APPLE","6ab94396865ed6942ced3b61fe998b3d043d921a7566963dee64f74c48fd876e","efe7629a1794860c2db6919e3f0b3f6e9437c94438626e22dd78d9ac523a55eb","","190f9410ae628d485d58a0b0ae1cc761c88233d916afdc9abb54443a80891003","/Users/chris/Repos/pdisasm/Tools/a2dp/images/d421af787d122eb894bfc241ce22c1fa3709fc28d124b7640a9ca976f45201cb"
"Computers/Apple II/Apple IIc/Disk Images/Apple IIc - Exploring Apple Logo.po","be992edd7647a17fcae39d4ae88e60c62aa258cc4537617854b60fbb2bdc9554","LOGORUN","SYSTEM.APPLE","8fb30ba2a7b54d49b55536d13db8252d192f230df14a2f0eba5a8830c9fe1c2e","e44ba3e9ef9840bec2b28407a825d29f9fb3e0cc1c84f137fa0c887489e21af6","53534a6f9b4374c5b562658758b4795329b39335207c74c60ecd659656d53c38","190f9410ae628d485d58a0b0ae1cc761c88233d916afdc9abb54443a80891003","/Users/chris/Repos/pdisasm/Tools/a2dp/images/be992edd7647a17fcae39d4ae88e60c62aa258cc4537617854b60fbb2bdc9554"
"Computers/Apple II/Apple IIc/Disk Images/Apple IIc - An introduction to the Apple IIc Computer.po","fc3c8aa370ebf1bb7a1569ee1084fdef3d6345d35cd83da4f6c59de5a7dd1199","KBDRUN","SYSTEM.APPLE","8fb30ba2a7b54d49b55536d13db8252d192f230df14a2f0eba5a8830c9fe1c2e","e44ba3e9ef9840bec2b28407a825d29f9fb3e0cc1c84f137fa0c887489e21af6","236666acc253495f77ea5cdac1c488c199344a651efcf33b0cce484de264889a","190f9410ae628d485d58a0b0ae1cc761c88233d916afdc9abb54443a80891003","/Users/chris/Repos/pdisasm/Tools/a2dp/images/fc3c8aa370ebf1bb7a1569ee1084fdef3d6345d35cd83da4f6c59de5a7dd1199"
"Software/Operating Systems/Apple Pascal/Disk Images/Profile Ltd Data Recovery.po","58c8af6bcddc8a1ceea4cafdf3838b914eef2cda2c82bec33868512d40fa0278","RECOVER","SYSTEM.APPLE","6701bcee4840864e6306d744c12fa3c6d47413321eebbe15cbe1bab3d23118e9","fb5421152940287c0c0c49d4c5b9b50074d7f33722b5c8c5d1a44acc2d537657","85a4cd902d1cb48ee224d4741cb67eaa1280971bde9150a1edb7797142db7e47","c7970cfa1e71fac107bc52d78765188371e30c0b3d66339000f73c5b72538763","/Users/chris/Repos/pdisasm/Tools/a2dp/images/58c8af6bcddc8a1ceea4cafdf3838b914eef2cda2c82bec33868512d40fa0278"
"Software/Operating Systems/Apple Pascal/Disk Images/Apple Pascal 1 - 680-0230-A.dsk","261c3a0bc2d62a027688b5e6c26689ae9c2ce39e317d655c879259657c3ea9b6","APPLE1","SYSTEM.APPLE","7ce54508b9f1564c47d1db921b530c9702c6e91cee177ccbf89bc40f88a1bd5f","02f0576644c3c2d30ef8671fc8fba306a8123a3661e896eaac5393bc5a7c8a14","2b240af2c619b5e61b3f992a6dfadec3b05436c1aadfc1be264df95d48281375","190f9410ae628d485d58a0b0ae1cc761c88233d916afdc9abb54443a80891003","/Users/chris/Repos/pdisasm/Tools/a2dp/images/261c3a0bc2d62a027688b5e6c26689ae9c2ce39e317d655c879259657c3ea9b6"
"Software/Operating Systems/Apple Pascal/Disk Images/Apple Pascal 1 - 680-0004-01.dsk","d6e7509a8ae0c0157f84634c40dd04c22f424b3540d344e5db10bc98fec74229","APPLE1","SYSTEM.APPLE","2443c23e7538ebfc0227525e4a80878dfae0b96a8a445cb1c4b4332f433a8ae6","ef890517c1eb403c6029ac1063aac4c197ca4617995f7eaa964f8bcc9e688844","e3996bf923db8a596935df7856da745b24f8afedd8a773d4034a9e796a2446cc","190f9410ae628d485d58a0b0ae1cc761c88233d916afdc9abb54443a80891003","/Users/chris/Repos/pdisasm/Tools/a2dp/images/d6e7509a8ae0c0157f84634c40dd04c22f424b3540d344e5db10bc98fec74229"
"Software/Operating Systems/Apple Pascal/Disk Images/Apple Pascal 1 - 680-0004-00.dsk","249ac254217b03515b4f505d0b675cda50caad99b47dff7cc2d7d40dcaec70e4","APPLE1","SYSTEM.APPLE","974c1e5716e7e1c71215d54531a881e07268104f1e63c94648da54cd1e506672","6d94a0a72343c9147899422717669766597a35ebaf1638dc48901bf1f9b97373","00e5ccd2e0f58558e65181be8f38bf298b7bfefbf7a49918c35b73ec1775f992","190f9410ae628d485d58a0b0ae1cc761c88233d916afdc9abb54443a80891003","/Users/chris/Repos/pdisasm/Tools/a2dp/images/249ac254217b03515b4f505d0b675cda50caad99b47dff7cc2d7d40dcaec70e4"
"Software/Operating Systems/Apple Pascal/Disk Images/Pascal Profile Manager - Program Patched - 680-0251-A.dsk","af926df84f8040ae59d2909f1b24319b6fcae876724f0377606fe196e36ce2ba","PPMSTAR","SYSTEM.APPLE","d7275274bf01341259e7132bf3dd956beef4c009baf0a7f5bc3e5df050c440e9","02f0576644c3c2d30ef8671fc8fba306a8123a3661e896eaac5393bc5a7c8a14","66c39ad62a0b0202ed8eedaeb9afb1f86dffb3d433d00bb849f06f901312202a","190f9410ae628d485d58a0b0ae1cc761c88233d916afdc9abb54443a80891003","/Users/chris/Repos/pdisasm/Tools/a2dp/images/af926df84f8040ae59d2909f1b24319b6fcae876724f0377606fe196e36ce2ba"
"Software/Operating Systems/Apple Pascal/Disk Images/Apple Pascal 1.3 3.5.po","ee7d1ce58b936bb031e2b3b8009c7212498792ed24250494b7369499d9ae572d","PASCAL","SYSTEM.APPLE","daa490d5e0bb98e1955081c0d268bed4a862a2b633bdc078b13d0d050a71c630","a8535382d7df95766093a6c734fe4feeade6fb4ce60fc065dc65c785308f8859","1f4ab0662f085269e76c315b2cd1ddea6fba56b84da34249f0eed97af3ffc7f6","c7970cfa1e71fac107bc52d78765188371e30c0b3d66339000f73c5b72538763","/Users/chris/Repos/pdisasm/Tools/a2dp/images/ee7d1ce58b936bb031e2b3b8009c7212498792ed24250494b7369499d9ae572d"
"Software/Operating Systems/Apple Pascal/Disk Images/Apple Pascal 1.3 3.5.po","ee7d1ce58b936bb031e2b3b8009c7212498792ed24250494b7369499d9ae572d","PASCAL","128K.APPLE","2d9d547e62a2b566b2cb2a26f311b321ab1d95a06cf6aaa68d1e9930fdd6b40d","a8535382d7df95766093a6c734fe4feeade6fb4ce60fc065dc65c785308f8859","1f4ab0662f085269e76c315b2cd1ddea6fba56b84da34249f0eed97af3ffc7f6","c7970cfa1e71fac107bc52d78765188371e30c0b3d66339000f73c5b72538763","/Users/chris/Repos/pdisasm/Tools/a2dp/images/ee7d1ce58b936bb031e2b3b8009c7212498792ed24250494b7369499d9ae572d"
"Software/Operating Systems/Apple Pascal/Disk Images/Apple Pascal - Disk 1.po","573bc13d8d4ef8cb5c338c6190df047c5a0545ec0dd9fed41cb9c68efa44d204","APPLE1","SYSTEM.APPLE","2443c23e7538ebfc0227525e4a80878dfae0b96a8a445cb1c4b4332f433a8ae6","ef890517c1eb403c6029ac1063aac4c197ca4617995f7eaa964f8bcc9e688844","e3996bf923db8a596935df7856da745b24f8afedd8a773d4034a9e796a2446cc","190f9410ae628d485d58a0b0ae1cc761c88233d916afdc9abb54443a80891003","/Users/chris/Repos/pdisasm/Tools/a2dp/images/573bc13d8d4ef8cb5c338c6190df047c5a0545ec0dd9fed41cb9c68efa44d204"
"Software/Operating Systems/Apple IIGS System/Disk Images/Tour of the Apple IIGS 1.0.po","3152c97b517cdb4c1a6b9cd68cdcf47ea384237b1ffefa2694a7ced55550a8ba","HALFONE","SYSTEM.APPLE","63c1c07794a1ab9e0965f68393001f5fc1fff55fe3b7cc6aa7fb12bf66f35097","2ec2736219293eb985f5da6faa66c76606ea981f4984aba3d1b2131fc6117f2c","9032266069f6a005750adcbcff6c450ac12fe192b8e7ac3d44f9a539df99640c","c7970cfa1e71fac107bc52d78765188371e30c0b3d66339000f73c5b72538763","/Users/chris/Repos/pdisasm/Tools/a2dp/images/3152c97b517cdb4c1a6b9cd68cdcf47ea384237b1ffefa2694a7ced55550a8ba"
"Software/Applications/AppleWorks/Disk Images/AppleWorks 2.0 Apple Presents Disk 1.po","a3ce324b7aac5ed4dd167f2a0ee46af5a7733edf86742ced6a39c0c646166a96","AW.D1B","SYSTEM.APPLE","67adc957afa1fc3cae9177ef42846ea1c31fd44f5a00e0694f63acafd248aed5","3189798e4f598903441f35941277fa9d412ea0cba298e662923f8e2e50003f29","9b3a251baeb204ac00a154491b178ad9776fd461b878bd763831e443369838ed","048c089e53438cc7066a73065409827ee44a382c798ce3718897716279cfc3dc","/Users/chris/Repos/pdisasm/Tools/a2dp/images/a3ce324b7aac5ed4dd167f2a0ee46af5a7733edf86742ced6a39c0c646166a96"
"Software/Applications/AppleWorks/Disk Images/AppleWorks 2.0 Apple Presents Disk 2.po","b54bdabfa2fc4cfdfc51a22b510809ffbfb4c8083e46c917a31e87c2d90893dc","AW.D2B","SYSTEM.APPLE","67adc957afa1fc3cae9177ef42846ea1c31fd44f5a00e0694f63acafd248aed5","3189798e4f598903441f35941277fa9d412ea0cba298e662923f8e2e50003f29","b352551ffca512177ce45a1f5e515ba57b6683fbfba1b9918ec9028335f1d225","048c089e53438cc7066a73065409827ee44a382c798ce3718897716279cfc3dc","/Users/chris/Repos/pdisasm/Tools/a2dp/images/b54bdabfa2fc4cfdfc51a22b510809ffbfb4c8083e46c917a31e87c2d90893dc"
"Software/Applications/SANE/Disk Images/SANE Disk 2.po","2d860eab9ce201549e1171d8c1d2547bc215ca03ec953acc1c97ed070aac3ed1","SANE2","SYSTEM.APPLE","49b1bbbd162e00df30a59b10aa591032e16b0fa5fec88512053827339b96383e","1e1f49d81a10939c89b0ceb20f4f619853c83c0c77c85774e991fd1119db6f69","1ba037e63c0f8f8800f2b93026b5ae791e45c9ea215cabe5d234e2346d8dc46c","190f9410ae628d485d58a0b0ae1cc761c88233d916afdc9abb54443a80891003","/Users/chris/Repos/pdisasm/Tools/a2dp/images/2d860eab9ce201549e1171d8c1d2547bc215ca03ec953acc1c97ed070aac3ed1"
"Interface Cards/Memory/Synetix Flashcard/Disk Images/Synetix Flashcard - Pascal drivers.dsk","526467c476732df06c45fa34af2e1cf9e65d1770fd0c188d3688d6ecda97028b","SSD-3.3","SYSTEM.APPLE","2443c23e7538ebfc0227525e4a80878dfae0b96a8a445cb1c4b4332f433a8ae6","ef890517c1eb403c6029ac1063aac4c197ca4617995f7eaa964f8bcc9e688844","c1d5eae2750668e66969aa232d5b013450ff91fcd16d608332e5d2d08acdb26d","190f9410ae628d485d58a0b0ae1cc761c88233d916afdc9abb54443a80891003","/Users/chris/Repos/pdisasm/Tools/a2dp/images/526467c476732df06c45fa34af2e1cf9e65d1770fd0c188d3688d6ecda97028b"
"Interface Cards/CPU/Stellation Two The Mill - 6809/Disk Images/6809 The Mill Pascal Speed-Up Disk - Disk 1, Side A.dsk","121e5ebcbcc68fcd222ca674b862d5d98dac88a14ea86f31961fc754df614ff8","APPLE1","SYSTEM.APPLE","14b675db86a3954c71473dfdecb8cbeb56df19501d7ee6c41d039996bd5b29ff","ef890517c1eb403c6029ac1063aac4c197ca4617995f7eaa964f8bcc9e688844","","190f9410ae628d485d58a0b0ae1cc761c88233d916afdc9abb54443a80891003","/Users/chris/Repos/pdisasm/Tools/a2dp/images/121e5ebcbcc68fcd222ca674b862d5d98dac88a14ea86f31961fc754df614ff8"
"Interface Cards/CPU/Stellation Two The Mill - 6809/Disk Images/BS4DUAL.po","431a6bb8a24d9d438a2915c4c14323da8bd076671976ee4d5c1610c671f05941","APPLE1","SYSTEM.APPLE","1bbd49426185b64f82357a7314ff4225dc066b1aa3bedcbcc49b5672381d3060","ef890517c1eb403c6029ac1063aac4c197ca4617995f7eaa964f8bcc9e688844","e3996bf923db8a596935df7856da745b24f8afedd8a773d4034a9e796a2446cc","190f9410ae628d485d58a0b0ae1cc761c88233d916afdc9abb54443a80891003","/Users/chris/Repos/pdisasm/Tools/a2dp/images/431a6bb8a24d9d438a2915c4c14323da8bd076671976ee4d5c1610c671f05941"
"Interface Cards/Digitizers/Nautil DGA-1/Disk Images/Nautil DGA-1 - Pascal 1.3.dsk","462cc006f57661bbb09202b7f66c55dbfdb13392d4aeee6e8c41bcbaec373416","DGA1","SYSTEM.APPLE","daa490d5e0bb98e1955081c0d268bed4a862a2b633bdc078b13d0d050a71c630","a8535382d7df95766093a6c734fe4feeade6fb4ce60fc065dc65c785308f8859","1f4ab0662f085269e76c315b2cd1ddea6fba56b84da34249f0eed97af3ffc7f6","048c089e53438cc7066a73065409827ee44a382c798ce3718897716279cfc3dc","/Users/chris/Repos/pdisasm/Tools/a2dp/images/462cc006f57661bbb09202b7f66c55dbfdb13392d4aeee6e8c41bcbaec373416"
"Interface Cards/Other/Davicon MEDAC 2000/Disk Images/MEDAC 2000 Disk 2 - Demo Patient Disk BS.dsk","ff6cee9e536f8e2ba58a026a11023024ecc0e626b9088895c3af253a52e871ce","PTDISK","SYSTEM.APPLE","7ce54508b9f1564c47d1db921b530c9702c6e91cee177ccbf89bc40f88a1bd5f","02f0576644c3c2d30ef8671fc8fba306a8123a3661e896eaac5393bc5a7c8a14","b5f1ec3e94666e65f5b5773195561e6b4806c495c75ccdc42b57e7716995d54e","190f9410ae628d485d58a0b0ae1cc761c88233d916afdc9abb54443a80891003","/Users/chris/Repos/pdisasm/Tools/a2dp/images/ff6cee9e536f8e2ba58a026a11023024ecc0e626b9088895c3af253a52e871ce"
"Interface Cards/Other/Davicon MEDAC 2000/Disk Images/MEDAC 2000 Disk 1 - Master Utility.dsk","45ed2d4708631a4270f998c78c75b799984e6a4b7c0a1a4e63e9076ba11f84a0","MI91","SYSTEM.APPLE","7ce54508b9f1564c47d1db921b530c9702c6e91cee177ccbf89bc40f88a1bd5f","02f0576644c3c2d30ef8671fc8fba306a8123a3661e896eaac5393bc5a7c8a14","f0711d0df809d9b91b0b9098d589801b74d6f4f53fa8797330731917c2997d75","190f9410ae628d485d58a0b0ae1cc761c88233d916afdc9abb54443a80891003","/Users/chris/Repos/pdisasm/Tools/a2dp/images/45ed2d4708631a4270f998c78c75b799984e6a4b7c0a1a4e63e9076ba11f84a0"
"Interface Cards/Disk Drive Controllers/SVA 8 Inch Disk Drive Controller/Disk Images/ZVPAS.PO","b540df506f12a975e20acd81c9000326f28b9e16cbab53df919731c9d2c12a8a","ZVPAS","SYSTEM.APPLE","2443c23e7538ebfc0227525e4a80878dfae0b96a8a445cb1c4b4332f433a8ae6","ef890517c1eb403c6029ac1063aac4c197ca4617995f7eaa964f8bcc9e688844","e3996bf923db8a596935df7856da745b24f8afedd8a773d4034a9e796a2446cc","190f9410ae628d485d58a0b0ae1cc761c88233d916afdc9abb54443a80891003","/Users/chris/Repos/pdisasm/Tools/a2dp/images/b540df506f12a975e20acd81c9000326f28b9e16cbab53df919731c9d2c12a8a"
"Interface Cards/Apple IIe/Le chat mauve Eve/Disk Images/Le Chat Mauve Side 1.po","f62a2b64685206a6d23dd0402c179593fcf179d7f516a6173498e96cd953e134","EDITEUR","SYSTEM.APPLE","6701bcee4840864e6306d744c12fa3c6d47413321eebbe15cbe1bab3d23118e9","fb5421152940287c0c0c49d4c5b9b50074d7f33722b5c8c5d1a44acc2d537657","a06861f09ad4b8aa54c886fe7a7beaed26ef01a8717f5ea56e45966967e8acac","190f9410ae628d485d58a0b0ae1cc761c88233d916afdc9abb54443a80891003","/Users/chris/Repos/pdisasm/Tools/a2dp/images/f62a2b64685206a6d23dd0402c179593fcf179d7f516a6173498e96cd953e134"
"Interface Cards/Hard Disk Drive Controllers/Corvus Hard Drive/Disk Images/Corvus Hard Drive - Diagnostics.dsk","52b59bbeb7418e4304d6d5b0a9374d629862e6f38014c00b86b627ebcb7aa296","DIAG","RTSTND.APPLE","c8fce08c8a30307d4b2bb7c3cd2534006840025b4813e0231994800a0061a606","aaa96b0c5648f67d1217e6cbbba76e5447531a0cfed515a49adcc6148e7b6220","00aac73bdb87d47fcd83483ef29c6b36d75397d56cd721edbad885473e29d20c","2ffb04276585facf6703ba691cfbc0cbf017eddedcdff54575320595bd960ed1","/Users/chris/Repos/pdisasm/Tools/a2dp/images/52b59bbeb7418e4304d6d5b0a9374d629862e6f38014c00b86b627ebcb7aa296"
"Interface Cards/Clock/GlanmireElectronicsLimited TimeKit/Disk Images/GlanmireElectronicsLimited TimeKit S2 Pascal subroutines.dsk","44242c0bef5a308ede745f0b1ab64868511847c55a7dff4061fbfbf794eefb25","CLOCK","SYSTEM.APPLE","2443c23e7538ebfc0227525e4a80878dfae0b96a8a445cb1c4b4332f433a8ae6","ef890517c1eb403c6029ac1063aac4c197ca4617995f7eaa964f8bcc9e688844","ad2d9657a84846473ef71c91b083c325ac27f44759715c8ca94e7adcf7e45ae2","190f9410ae628d485d58a0b0ae1cc761c88233d916afdc9abb54443a80891003","/Users/chris/Repos/pdisasm/Tools/a2dp/images/44242c0bef5a308ede745f0b1ab64868511847c55a7dff4061fbfbf794eefb25"
